id,title,contents,date,category,source
c6040d65-4bfe-4d96-985f-2fc9801b7e3a,《金融股》國票金前3季每股盈餘0.46元,【時報-台北電】國票金(2889)公布前3季財務報告，利息淨收益9.58億元，淨收益54.07億元，稅前淨利24.46億元，本期淨利19.39億元，歸屬於母公司業主淨利15.94億元，基本每股盈餘0.46元。（編輯：邱致馨）,2023/11/21,最新新聞,yahoo
e70082ec-b92b-4e84-860a-b4affdd562cb,《大陸金融》萬達地產到期美元債券 擬延長11個月,【時報-台北電】信報引述交易所公告，萬達地產擬將2024(明)年到期的7.25%美元債券到期日延長至年底12月29日，共延長11個月，本金額為6億美元。,2023/11/21,最新新聞,yahoo
8f6dd49f-8d91-456a-9d26-5333f1e17354,看好明年AST2600滲透率，美系外資重申加碼信驊，目標價3150元,"【財訊快報／記者劉居全報導】美系外資在新出爐的報告中表示，看好信驊(5274)營運進入佳境，AST2600滲透率將一路成長到2024年，重申「加碼」評等，目標價維持3150元。美系外資指出，基於AI(人工智慧)需求強勁，加上英特爾Eagle Stream帶動AST2600拉貨，現階段客戶庫存更加健康，目前信驊B/B(Book to bill ratio)比率接近1，預估信驊第四季營收兩位數成長不變。
展望第四季，美系外資表示，預估信驊出貨量將恢復到歷史正常水準，而伺服器總出貨量也應該趨穩，主要是人工智慧伺服器仍佔據雲端資本支出很大一部分。至於中國大陸市場需求部分，預估到2024年需求仍疲軟。
此外，美系外資表示，看好AST2600滲透率將一路成長到2024年，但新的BMC(遠端控制晶片)拉動主要集中在AST2600。信驊有機會在美國主要市場奪回一些超大規模企業市佔率，持續擴展美國企業客戶。",2023/11/21,最新新聞,yahoo
d201c108-d2eb-44ba-9522-71524700dadb,中國經濟刺激預期提振，新交所鐵礦砂一度上漲1.46%，升至九個月高點,"【財訊快報／劉敏夫】外電報導指出，隨著有關中國最新經濟刺激計畫的更多細節浮出檯面，有關需求的樂觀情緒升溫，推動鐵礦砂價格升至今年2月以來盤中最高水準。繼週一上漲2%之後，鐵礦砂週二在新加坡市場再度上揚，新加坡時間12:14，鐵礦砂價格上漲1.46%，至每噸133.00美元，有機會創下2022年6月以來最高收盤水準。大連鐵礦砂期貨上漲1.93%，上海的鋼鐵期貨合約也走高。
中國官方媒體的一則報導提振了市場情緒，經濟日報在頭版評論文章中指稱，中央上月宣布決定增發1兆元人民幣國債，資金「要用在刀口上」。
此外，外電此前披露，中國監管機構據稱正在起草一份中資房地產商白名單，以進一步改善對頹勢未減的房地產業的融資支持，此舉也顯示監管層正在加大力道提振房地產行業。
Kallanish Commodities Ltd分析師Tomas Gutierrez表示，建築鋼材需求正在回穩，明年行情預料也將改善。
永安期貨在一份報告中指稱，鐵礦砂需求受到部分鋼廠按需採購的推動。不過，天氣變冷可能導致建築材料的季節性需求下降。
此外，一旦澳洲的罷工行動變得更加嚴重並導致供應中斷，這也可能提振鐵礦砂價格。必和必拓在Pilbara的業務有數百名列車司機將於本週五開始罷工活動。",2023/11/21,最新新聞,yahoo
72d3aebe-030f-4dcc-8c58-2d11c6b2b20d,美股大漲台股7連紅，權值股龍頭蓄勢挑戰今年新高,"【財訊快報／方亞申】美股在微軟、輝達上漲帶動下，科技股再度上漲，並帶動道瓊及標普拉升，美元指數急遽轉低，亞洲貨幣急升，週二亞股除日本外全面上漲，台股在台積電(2330)、聯發科(2454)以及AI伺服器代工的緯創(3231)、廣達(2382)、英業達(2356)、技嘉(2376)全面上漲；傳產的塑化及金控股都上漲下，指數大漲1.2%，終場上漲206.23點，收在17416.7點，距離今年高點17463點相當近，成交量3379億元。美國股市在輝達（Nvidia）公佈財報前延續11月來熱絡行情，微軟宣布聘請剛剛離職的OpenAI執行長奧特曼領導旗下新成立人工智慧研究團隊後，投資人對人工智慧的熱情再次成為焦點。微軟股價上漲2.05%，股價再創歷史新高，總市值達2.8兆美元，追近與蘋果的2.95兆美元距離；同時21日即將公布季報的輝達，市場也認為受美國禁令，中國提前大拉貨，預估季報亮麗，股價也創歷史新高，總市值達1.25兆美元，與亞馬遜總市值再度拉近距離。其他包括英特爾、美光、博通等股價續創今年新高，帶領費半指數攻抵3805點，距離今年高點3875點已近；那指也距離今年高點14446點僅1.12%，標普僅剩1.3%就創新高，只有道瓊距離2.39%。市場逐漸對於聯準會停止升息樂觀。四大指數只要站在5日線之上就屬強勢。此外，波音大漲4.6%，延續上週漲勢，阿聯酋航空(Emirates Airline)宣布將從波音購買95架客機。
預期聯準會停止升息，美元指數逆轉下跌至103.5之下，今年以來已屬負報酬，此舉令市場資金湧向風險性資產，歐洲西班牙創今年高點，德股、法股皆在所有均線之上。亞洲日本新創進33年新高後拉回，韓國補漲。倒是中港股市漲幅相對較小。國際油價小幅反彈至77美元附近，通膨壓力下降中。
台股週一外資持續買超，11月以來買超超過1500億元，可能出現今年最大金額買超月份，買超主要對象是台積電、聯電(2303)及金控股富邦金(2881)、中信金(2891)、玉山金(2884)及兆豐金(2886)、三商銀為主官股。週二再加入台塑集團拉升使得指數連續拉出第7根紅線，11月以來若扣除11月10日小跌62點外，其他交易日全部收紅，台幣急升，外資大買，看來這股趨勢要等美股週末感恩節放假才會告一段落。指數上，只要守穩5日線17223點之上，就有機會向今年高點17463點突破。
輝達21日將公布季報，美超微股價已大漲，且輝達股價已提前創新高，台灣的AI伺服器代工廠緯創、廣達、技嘉、英業達等整理過後，可望盤堅。而台積電在費半成分股紛紛大漲下，今年漲幅尚落後費半漲幅約20個百分點，有利補漲聯電亦同。短線資金集中在大股，以及台積電先進封裝供應鏈的弘塑(3131)、辛耘(3583)、萬潤(6187)上。電子龍頭股如國巨(2327)、華通(2313)、智邦(2345)、大立光(3008)、聯發科，同樣也會被回補。
金控股在中信金創新高下，富邦金、國泰金、第一金(2892)、兆豐金等跟進。",2023/11/21,最新新聞,yahoo
175c8fb8-e803-412a-93c0-bfb996a26613,輝達帶動族群表現，美系外資看好AI概念股技嘉、台積電、世芯等,"【財訊快報／記者劉居全報導】NVIDI將在21日盤後公布財報，美系外資在新出爐的AI報告中表示，NVIDIA仍是AI領域中最具指標的個股，假如其財報正向，將有利於帶動族群表現，其中，點名技嘉
( 2376 )
及韓國SK海力士為首選個股。美系外資點看好AI前景個股共有12檔，其中台股中包含有台積電
( 2330 )
、世芯-KY
( 3661 )
、信驊
( 5274 )
、愛普*
( 6531 )
、技嘉、緯創
( 3231 )
、致茂
( 2360 )
、川湖
( 2059 )
、京元電子
( 2449 )
等。美系外資在新出爐報告中也重申技嘉「加碼」評等，目標價維持320元。
美系外資指出，目前市場處在對AI(人工智慧)獲利復甦預期中，但又擔憂需求可持續性，主要考量相關數量成長相當迅速。根據供需檢查和雲端採購進行檢查，AI晶片市場仍然強勁。
美系外資表示，就AI相關個股收益來說，看到亞洲人工智慧概念股正在復甦，假設NVIDIA前景得到肯定，看好相關個股股價仍便宜，將有機會表現勝過大盤。
美系外資表示，人工智慧相關個股的下一步走勢取決於NVIDIA的表現，NVIDIA在21日盤後公布財報，NVIDIA走向牛市或熊市對相關個股有不一樣的影響；如果NVIDIA營收表現優於預期，包含技嘉以及韓國SK海力士將是首選標的。
而美系外資同時也點名看好GPU、HBM、客製化晶片具前景，點名看好個股包括NVIDIA、海力士、世芯-KY、台積電、信驊、愛普*、技嘉、緯創、致茂、川湖、京元電子及日本迪思科。",2023/11/21,最新新聞,yahoo
a7eead04-9248-4fbe-ba51-cb7a29d11460,《半導體》辛耘Q4營收拚高檔續揚 明年成長動能看旺,【時報記者林資傑台北報導】半導體再生晶圓與設備廠辛耘(3583)在本業獲利回升、業外收益創高挹注下，2023年第三季稅後淨利改寫次高、前三季創同期新高。隨著時序步入設備交貨高峰期，10月合併營收改寫次高，法人看好第四季營收有望持穩第三季再拚高，明年首季淡季不淡、全年成長續旺。,2023/11/21,最新新聞,yahoo
61a0b9ed-8213-4057-857f-d8a8d8bdd310,潛力股：長佳,"【財訊快報／記者戴海茜報導】長佳機電(4550)第三季每股盈餘1.26元，創2019年第二季來新高，為歷年同期新高，累計前三季每股盈餘為2.18元。累計前10月營收為15.24億元，年增38%。看好全台運動人口還在持續成長中，各地方政府也積極推動民眾運動養成，相關場館經營的商機仍看增，長佳近年佈局運動場館經營，2022年度相關營收佔比近30%，今年拿下台北市大安運動中心的經營權，相關營收佔比將拉高，未來運動相關事業的營收佔比挑戰50%。
長佳目前經營運動場館包括臺北市中正運動中心、新北市中和、新店和板橋運動中心、桃園蘆竹運動中心及新增大安運動中心加和平籃球場的整修和經營，鎖定的市場仍以北部地區為主。
長佳看好後疫情時代，運動人口回升，相關營收有望重回過去較佳水位，目前在手訂單皆以商辦大樓和廠房的機電工程為主。",2023/11/21,最新新聞,yahoo
302cce9e-9999-4a51-aafc-52aadbd9c33c,潛力股：緯軟,"【財訊快報／記者陳浩寧報導】受惠於中國互聯網龍頭及新能源電動車雙引擎續熱，緯軟(4953)今年前三季營收、獲利皆逐季走高，展望第四季，在雙引擎驅動下，緯軟第四季營收有望持續成長，挑戰單季歷史新高，全年營運將再寫高點。緯軟目前在中國營收比重達69%，較去年增近一成，雖今年以來中國企業在IT投資保守，然緯軟互聯網客戶穩定貢獻，新能源車客戶需求也穩定增長，成為推升今年營運成長的關鍵。
法人預期，新能源仍是緯軟未來成長動能最為強勁的領域，估可維持高雙位數成長，而在AI方面，許多龍頭企業已提出AI大模型的計畫或相關落地應用，公司樂觀看待AI長線發展潛力，目前AI相關營用佔比已達10%，預期會持續提升。",2023/11/21,最新新聞,yahoo
da7f4d25-bb5a-4dfe-a4f5-8e7165a6d9c3,《興櫃股》華凌公開申購價24元,"【時報-台北電】專業中小尺寸工控顯示器製造商華凌光電(6916)初次上市股票承銷案採80％競價拍賣及20％公開申購方式辦理。競價拍賣股數總計5,400張，已於21日完成。華凌表示，本次參與投標的合格標單共917筆，得標筆數236 筆，開標結果的最低得標價格25.78元，最高得標價格45.72元，得標的加權平均價格為26.84元。",2023/11/21,最新新聞,yahoo
7ef71156-d2a6-4d16-a882-260f187ce09c,《財政》稅收超徵明年每人再發1萬？ 陳揆這樣說,"【時報-台北電】對於稅收可望繼續超徵，立委建議明年全民發放現金1萬元，行政院長陳建仁21日表示 ，如果確認總決算確實還是有歲入歲出的賸餘，政府一定會持續來加強堅守財政的紀律，優先還本、優先還債；他並透露，原先在總預算編列的過程當中，償還還本的債務1,110億元，都執行完畢，並且增加還債150億元。",2023/11/21,最新新聞,yahoo
8a365cfa-dab7-483d-bf6e-3a2924289a96,《食品股》南僑10月獲利年增551% 泰新廠將添柴火,【時報記者郭鴻慧台北報導】進入油脂傳統旺季，南僑(1702)10月獲利年增551%，緊接著又將迎來年節尾部旺季，業績可望再添動能，今日股價開低走高，力守高檔。,2023/11/21,最新新聞,yahoo
af0a7b9f-90ee-4193-9f23-9402d438773e,渣打銀稱，美經濟數據若進一步疲軟，美元恐持續全線走低,"【財訊快報／劉敏夫】外電報導指出，英國金融商渣打銀行方面表示，只要美國經濟數據進一步疲軟，美元短線就可能繼續全線走低，風險偏好可能會復燃。渣打駐新加坡宏觀策略分析師Nicholas Chia表示，不過，一旦數據出現斷崖式下跌並且暗示經濟衰退，那麼將利多美元。
還有一種風險是，通膨回到目標的最後一里路時，可能需要2024年失業率大幅上升才能實現，而這可能轉化為對美元的更多支持，特別是如果經濟衰退擔憂加劇，並伴隨著聯準會進一步收緊政策的雜音。",2023/11/21,最新新聞,yahoo
eea5cb6b-415e-4235-85f4-1dc393057ca2,《熱門族群》NVIDIA財報倒數 外資點將AI股,【時報記者王逸芯台北報導】NVIDIA(輝達)將在21日盤後公布財報，美系外資針對AI概念股出具最新研究報告，強調NVIDIA仍是AI領域中最具有指標的個股，假設其財報正向，則將有利於帶動族群，其中，韓國SK海力士、技嘉為首選個股。另外，外資也點看好的AI前景個股共12檔，其中台股中有世芯-KY(3661)、台積電(2330)、緯創(3231)、致茂(2360)、信驊(5274)、愛普*(6531)、川湖(2059)、技嘉(2376)以及京元電(2449)入列。,2023/11/21,最新新聞,yahoo
bea4ed76-1f5a-4367-8e6f-201b28c2b884,《日股》日圓轉強擋路汽車股 日經上半場收黑,"【時報編譯柳繼剛綜合外電報導】在日圓匯價走強下，日股中的汽車類股21日被市場調節。早盤結束時，日經暫收33,338.29點，小跌49.74點或0.15%。東證收2,364.19點，跌8.41點或0.35%。",2023/11/21,最新新聞,yahoo
e8207e1e-7290-48db-85b3-5fef09ebaa6b,大盤挑戰去年高點 資金流向3族群,美科技類股帶領美股主要指數全面收高，台股今（21）日早盤強漲逾160點，最高來到17383點，站上17300關卡，並挑戰去年高點17463。,2023/11/21,台股動態,yahoo
4aecdb5b-b9c0-4e7d-8c8b-969a763fe959,【台北股市】漲206.23點,（中央社台北2023年11月21日電）台北股市今天開高走高，收盤漲206.23點，為17416.7點，漲幅1.2%，成交金額新台幣3379.93億元。,2023/11/21,台股動態,yahoo
cbe83203-8a17-4566-96af-b05eee661504,《台北股市》KY股Q4法說會 12／4由金麗、吉源及永固率先登場,【時報-台北電】為了提高外國第一上市公司（KY股）財務及業務透明度，證交所預計第四季邀請16家KY股舉行財務業務說明會，首先由金麗-KY（8429）、吉源-KY（8488）及永固-KY（5546）三家公司，於12月4日率先登場。,2023/11/21,台股動態,yahoo
8ff926e2-fe83-4954-9173-571d236928c1,【台股盤中】AI傳產聚人氣 漲近200點登17400點,（中央社記者賴言曦台北2023年11月21日電）輝達（NVIDIA）財報即將揭曉，台股今天買氣回籠，AI（人工智慧）、光通訊族群表現強勁，水泥、鋼鐵等傳產族群也凝聚人氣，盤中上漲近200點，最高至17408.51點。,2023/11/21,台股動態,yahoo
e2b6e7f6-7166-4c77-b326-fdb4907d84c4,《盤中解析》電子領軍、百花齊放 台股拿下17300城池,【時報記者郭鴻慧台北報導】台股今早受惠輝達、微軟昨夜強漲領攻費半指數，大盤多頭直接無視10月外銷訂單連14黑利空，指數開高29.47點、為17239.94點，並在台積電(2330)奪回5日線，華擎(3515)、英業達(2356)、緯穎(6669)、緯創(3231)、光寶科(2304)等AI族群士氣大振下，指數漲點快速放大至逾百點，直接拿下17300城池。,2023/11/21,台股動態,yahoo
7d15256d-abef-4787-a763-607103d1af5e,《台北股市》AI大反攻 台股創逾3個半月新高,【時報-台北電】美債浮現底部，樂觀氛圍激勵美股續揚，台積電ADR上漲0.38%。台積電(2330)今(21日)開漲5元，台股同步開高，在AI同步領軍帶動下，集中市場早盤漲130點至17340點，創下8月1日以來新高。,2023/11/21,台股動態,yahoo
f31aa8ba-967b-4c63-abb0-072a3720c6e8,《晨間解盤》台股漲多震盪 從2類股找機會,【時報-台北電】周一(20日)台股呈現強勢震盪格局，最終小漲1.52點或0.01%，順利翻紅收17210.47點；成交金額2755億元略為收斂。盤面上，權值股走勢分歧，觀光、航空受藍白合議題干擾，主流類股包括IC設計、車用電子、HDI板、光學鏡頭。,2023/11/21,台股動態,yahoo
ca854001-9edd-4202-ab4e-afe35d096daa,【台股開盤】漲29.47點,（中央社台北2023年11月21日電）台北股市今天開盤漲29.47點，加權股價指數為17239.94點，成交金額新台幣26.01億元。,2023/11/21,台股動態,yahoo
e01b3cf0-096b-463d-b698-062753ef864a,《晨間解盤》電子次族群輪動 持續樂觀,【時報-台北電】周一台股大盤走勢狹幅，盤中大部分時間呈現小跌走勢，午盤過後盤勢緩步向上，最後收在當日高點附近，終場加權指數上漲1.52點(漲幅0.01%)，收在17210.47點，成交量略低於前一日，約2775億元。,2023/11/21,台股動態,yahoo
f611039a-7244-4787-9c4e-8f80cd13967d,《晨間解盤》上有壓下有撐 3族群續追蹤,【時報-台北電】台股20日受美股漲勢趨緩及藍白合卡關影響，台積電開低壓盤、觀光股走弱，指數開低後在平盤附近震盪整理，終場以上漲1點收在17210點。美股最新收盤，美債殖利率下滑及微軟創天價助攻，四大指數齊揚，其中道指上漲203點、那指收高159點，費半在NVIDIA創高領軍下揚升1.52%，台積電ADR亦漲0.38%，有望延續台股多頭火種。元大投顧指出，台股面臨前波高點大量套牢區，不易一舉上攻收復，資金於電金傳進行輪動，呈現高低位階調整，雖短線市場有逢高調節動向，但月季線黃金交叉，強化下檔支撐力道；投資策略上，IC設計、汽車AM零組件及車用PCB可持續追蹤。,2023/11/21,台股動態,yahoo
c1c4a7ea-7575-4e9a-badb-ddec29f3af32,《晨間解盤》主兵漏氣 拉回or震盪？,【時報-台北電】台股昨(20)日開盤後則落在平盤下遊走，倫元投顧表示，主要是大型股表現消風了，推動大型股轉強的動力來自炒匯熱錢，有可能是進來的資金暫時建倉告一段落；不過，中實戶買盤卻相當積極，內資型小股如光學、MOSFET、電源管理IC等，這些內資股轉強，有利於台股人氣的匯集。,2023/11/21,台股動態,yahoo
b02166c7-014d-448d-b50b-56c717973ac9,【盤前焦點】美股收高 台股觀察交易量能是否放大,（中央社記者賴言曦台北2023年11月21日電）美股20日在科技類股領漲下，4大指數終場全面收高。法人分析，美中關係和緩，為台股帶來正面影響，短線觀察重點為交易量能否放大，為指數帶來向上支撐。,2023/11/21,台股動態,yahoo
c00f4d01-a610-4b6c-b3b9-d0583e3dba00,《國際金融》德國出現預算危機 測試「債務煞車」限制,【時報編譯張朝欽綜合外電報導】德國憲法法院在上周裁定，聯邦政府將新冠疫情時期未使用完的資金挪用於所謂的「氣候與工業轉型計畫」，是違憲的行為。,2023/11/21,國際財經,yahoo
54cccddf-0a14-4592-8d9d-6042f509811e,《國際金融》北京欲拋救生圈 陸房地產股狂飆,【時報編譯柳繼剛綜合外電報導】在中國大陸房地產屢屢傳出財務危機後，中央政府決定出手相助，彭博社指出，北京正在選出可以有資格拿到金援的業者，但不是人人有獎，名額大概只有50家，包括萬科（Vanke）、新城發展（Seazen）以及龍湖集團（Longfor）等，據說都在此名單內。消息傳開後，這些不動產公司的股價也應聲大漲。,2023/11/21,國際財經,yahoo
4afa703e-9cb3-4113-9e1f-15cfd1dc0c6b,富達國際看好聖誕行情正在形成，全球股市有望年末反彈,"【財訊快報／記者劉居全報導】針對全球股市前景，富達國際亞太區股票投資主管Marty Dropkin表示，市況反覆波動的一年進入尾聲，11月初債券殖利率反轉向下，帶動股市回升，聖誕行情(Santa Rally)效應似乎正在形成。基於通膨穩定且與聯準會通膨目標走勢一致，市場普遍認為聯準會升息已結束。然而，債券殖利率下降及股市上漲使得資金環境放鬆，若意外導致通膨上升，促使聯準會重申其鷹派取向，屆時可能再次引發市場波動。但這比較可能是明年才會出現的情況，短線全球市場有望於年末反彈。
在美歐方面，美國第三季經濟成長年增率達4.9%優於預期，具韌性的經濟表現預期將使聯準會持續維持較高的利率水準，惟不斷上升的借貸成本和不斷減少的超額儲蓄，都將影響2024年經濟，導致企業獲利壓力；歐洲鑒於高利率環境與需求低迷，預期2023與2024年營收與獲利仍將承壓。
亞洲方面，富達持續看好日股展望，基於日本10月通膨年增率2.7%，持續示擺脫通縮現象，10月底日本央行再放寬殖利率控制政策，加上製造業數據顯示需求端回升，且日本企業調查顯示整體企業獲利年成長達15%。
新興亞洲則隨近期修正，目前新興亞股超過一半本益比低於15倍，整體市場評價反應了具吸引力的風險回報水準。預期年底前有機會在中國刺激政策帶動下，出現喘息空間。
儘管中國仍在解決房地產和地方政府債務問題，市場已逐漸顯示正面氣象。部分人士認為中國欠缺大規模刺激政策，但具針對性的政策似乎正推動經濟復甦。中國第三季GDP國內生產毛額年增4.9%，其中工業生產和零售銷售增長尤其出眾。雖然房地產市場持續疲弱且美國限制人工智慧晶片出口至中國，在出口需求不明確前提下，中國中央和地方政府亦已推出措施支持區內經濟，預期下個月中央經濟工作會議將為中國2024年經濟發展路徑提供更明確指引。
至於亞洲其他地區，印度股市今年表現持續領先區內其他市場，消費依然強勁的結構性增長，以及基建和製造業的持續投資，皆為投資人帶來機會；馬來西亞為區內另一亮點，因該國政府為推動經濟增長，推出復甦經濟、發展加值製造業、支持綠色經濟轉型和縮減赤字水準等新措施，促使其成為具投資吸引力的市場。",2023/11/21,國際財經,yahoo
50306060-deec-41a8-be7d-2e63a18e31e2,《觀光股》美食-KY拚獲利回升 陸加速汰弱、美持續展店,【時報記者林資傑台北報導】經營85度C的美食-KY(2723)受中國大陸營運疲弱影響，2023年第三季營運旺季不旺，集團對此加大中國大陸營運調整力道，並在美國持續展店。法人據此下修第四季及全年展望，認為短期陣痛有助2024年獲利維持顯著回升，維持「買進」評等、目標價142元。,2023/11/21,國際財經,yahoo
2886bd16-c274-42f9-b93d-1b3cfc3ff439,《國際油價》憂需求疲軟 油價電子盤轉跌,【時報-台北電】因全球經濟趨緩，導致需求疲軟的擔憂，抵消了石油輸出國組織(OPEC)進一步減產的前景，令油價電子盤承壓轉跌；周一(11/21)截至台北時間上午11點15分整，原油期貨報價如下：美國NYMEX-1月輕質原油期貨跌0.16美元，報每77.67美元；倫敦ICE-1月布蘭特原油期貨跌0.16美元，報每82.16美元。(編輯：鄧凱綺)(商品行情網),2023/11/21,國際財經,yahoo
c890e462-d2c2-430d-bed3-18c2ade04ee6,《國際產業》640萬車恐自燃 美國對現代、起亞啟動調查,【時報編譯柯婉琇綜合外電報導】美國汽車安全監管機構周一宣布已經對現代汽車和起亞汽車發布的16起召回事件展開調查，本案涉及640萬輛車可能因為煞車油外洩而導致起火事故。,2023/11/21,國際財經,yahoo
d0c9daed-65b6-4c51-9b57-ade2b7b208b5,《大陸金融》在離岸人民幣兌美元匯率 雙雙升破7.14關口,【時報-台北電】在人民幣兌美元中間價大漲的拉動下，在岸、離岸人民幣兌美元匯率21日雙雙升破7.14關口，近三個交易日已反彈近1.5％。,2023/11/21,國際財經,yahoo
7cf6e0f4-802b-4d8e-8dc5-a26331c2fd02,《國際金融》日經指數不看淡 2024有高點可期,【時報編譯柳繼剛綜合外電報導】根據路透社查訪結果，2023年迄今已大漲30%左右的日本日經225指數，2024年有機會還會上漲，最慢到明年6月可望向上突破30多年新高35000點，還有日企獲利能力可望持續增加。,2023/11/21,國際財經,yahoo
8c59090f-322f-41a2-af05-287aa251643c,東京匯市早盤美元追低，日圓升破148至七週新高,"【財訊快報／陳孟朔】市場普遍認為美國聯準會(Fed)已經完成加息週期，並展望何時可能開始降息，導致美元指數直直落，東京匯市週二早盤追低連四跌，逼近3個月新低的同時，英鎊、歐元和日圓追高。其中，日圓升破148阻力至七週新高。市場已經排除Fed再次加息的可能性，最近的數據顯示經濟和通膨壓力放緩，但還不足以增加對經濟即將陷入衰退的擔憂。
週一數據顯示，美國10月領先指標下降0.8%，連續第19個月下降，且跌幅較預期下降0.7%來的大。
由於週四是美國感恩節假期，當天休市外，週五金融市場交易提前結束，因此經濟數據相對較少。
市場目前正試圖確定Fed何時開始降息，根據芝商所(CME)的FedWatch工具，目前市場預計Fed在5月前降息至少25個基點的機率超過50%。
與此同時，有些Fed官員最近發言時並沒有排除因經濟數據發生變化而需要進一步加息的可能性。
里奇蒙聯儲總裁巴爾金表示，通膨很可能繼續“頑固”下去，並迫使Fed在比投資人預期更長的時間內維持高利率。
此外，Fed最近一次會議的會議記錄將於週二公布，投資人將從記錄中尋找有關政策路徑的任何信號。
台北時間10：30，美元指數最新報價為103.316，連續四天急挫1.24%後，追低0.12%，盤初的103.290為9月1日以來最低。10月3日觸及的107.348為去年11月30日觸及107.195以來最高。
日圓兌美元最新報價為147.82，連續三天大漲1.98%後，追高0.38%，盤初的147.74為10月3日以來最高。11月13日觸及的151.91日圓為去年10月21日(151.95日圓)以來最低。
英鎊最新報價在1.2533美元，連續兩天急彈0.74%後，再漲0.22%，盤初的1.2536美元為9月11日以來最高。10月17日觸及的1.2090美元為3月16日以來最低。
歐元最新報價為1.0956美元，連續三天急彈0.85%後，追高0.15%，盤初的1.0959美元為8月14日以來最高。",2023/11/21,國際財經,yahoo
e1918334-3860-478e-b25f-a9f233b1aab2,《國際產業》底特律3雄合約過關 UAW：目標轉向特斯拉和日韓廠,【時報編譯柯婉琇綜合外電報導】美國汽車工人聯合會（UAW）周一宣布，在進行長達6周的針對性罷工後，底特律三大汽車製造商約64%的工人已經表決通過創下記錄的新合約。接下來，工會將把矛頭轉向把外商和特斯拉旗下的汽車工廠。,2023/11/21,國際財經,yahoo
ac3889db-52a5-480c-8764-aa1e8f5b18e7,《國際產業》法院打擊德國政府預算 晶片、電池和鋼鐵計畫陷危機,【時報編譯張朝欽綜合外電報導】據兩名政府部門的消息人士指出，法院的一項裁決，將導致聯邦政府預算短缺600億歐元，包括晶片工廠、脫碳鋼鐵的生產，以及擴大電池供應鏈等多個德國工業計畫面臨危機。,2023/11/21,國際財經,yahoo
6e3dd1f5-3873-4626-a03f-d7c65ccbb41b,《國際產業》豐田美國車貸部銷售狂加料 遭重罰0.6億美元,【時報編譯柳繼剛綜合外電報導】彭博社報導，日本豐田汽車的美國車貸部門要繳交6000萬美元罰鍰，理由是豐田美國車主被誤導購買額外不需要的產品，導致車主負擔的費用大增，但當車主想要取消交易時，豐田車貸人員又不乾不脆沒馬上要退費。,2023/11/21,國際財經,yahoo
b53f0d1f-e078-44a3-b0c3-f28ee5377fb7,《國際產業》AI助攻 Zoom上修全年展望,【時報編譯柯婉琇綜合外電報導】因混合工作趨勢以及其產品整合人工智慧（AI）技術提振了需求，Zoom Video Communications上修全年營收與獲利預測。,2023/11/21,國際財經,yahoo
2811470e-6380-4be4-bce1-3a1dfd6a817d,《國際產業》OpenAI逾9成員工威脅跳槽微軟 要求董事會辭職,【時報-台北電】OpenAI前執行長奧特曼（Sam Altman）上周無預警遭開除後，約700名OpenAI員工集體連署抗議，要求董事會辭職，並讓奧特曼及前總裁布羅克曼（Greg Brockman）回歸崗位，否則將辭去職務。,2023/11/21,國際財經,yahoo
cfaed8dd-b094-43d9-a49b-c6c4cab7b429,美元示弱，亞洲黃金現貨盤中上揚0.6%,"【財訊快報／劉敏夫】亞洲黃金價格週二上揚，因為在市場關注美國公債標售結果之際，美元匯價示弱提振了金價行情。亞洲黃金現貨價格盤中上揚11.77美元或0.60%，每盎司報1,989.84美元。
追蹤美元兌換6種主要貨幣一籃子匯價的美元指數週二亞洲盤盤中下跌0.05%，美元走弱，令以美元計價的黃金對於持有其他貨幣的投資人來說相對便宜。
投資人關注美國公債強勁需求，週一規模160億美元的20年期公債發行吸引了強勁需求。
強勁的新債標售，加上美國通膨放緩和經濟降溫的背景下，週一美國基準10年期債券價格延續了近期的漲勢，並引領殖利率走低。較低的殖利率通常對無孳息收益的黃金有利。
儘管投資者重新買入美債，中東地緣政治緊張局勢的緩和仍繼續對貴金屬構成壓力。美國總統拜登週一表示，以色列和哈馬斯即將達成協議，釋放一批人質，導致黃金的戰爭風險溢價進一步回落。",2023/11/21,國際財經,yahoo
fd154fc9-835b-42f8-ac4b-e78be63226f1,《國際金融》法國央行總裁預期 ECB未來幾季利率料維持不變,【時報-台北電】歐洲央行（ECB）政策官員兼法國央行總裁戴加洛（Francois Villeroy de Galhau）20日表示，ECB利率已達到高檔水平，未來幾季可能會維持在該水平，同時認為現在談論降息為時過早。,2023/11/21,國際財經,yahoo
dc3d0f07-d2b5-4ef1-a5ef-335521f0680c,日圓也有定存方案！銀行換匯戰開打,日圓匯率偏弱、民眾瘋搶，甚至開玩笑大嘆「窮到只剩下日圓」，國銀也趁勢搶攻商機，永豐銀行推出日圓7天期定存優惠利率11％、1個月期定存最高6％，台新銀行鎖定哈日族、小資族祭出換匯優惠。,2023/11/20,小資理財,yahoo
c26f309d-b191-41ba-806b-af786aa81362,【懶人包】推薦2023必辦15張「夯」信用卡！,信用卡是現代社會常見的支付工具，只要你選對信用卡申辦，且妥善利用各家銀行所推出的回饋與優惠，比起現金支付，信用卡是個能幫助你省錢的好工具！,2023/11/21,小資理財,yahoo
c1756f38-b2fe-43a6-8965-25ffb03290a2,分享文》日幣狂跌、美金飆高，出國旅遊到底該刷信用卡還是用現金呢？,日幣近期的匯率不斷創新低，之前早早換好日幣的大戶們慘被「套牢」，而美金則是在升息的幫助下不斷飆升，用美金消費變得越來越貴。,2023/11/20,小資理財,yahoo
e45d662b-b8f1-440e-875d-6b835228bec9,高雄日航酒店啟動徵才與開業準備 2024年下半開幕,大倉日航酒店管理集團（Okura Nikko Hotel Management）旗下位在高雄亞洲新灣區高雄日航酒店（Hotel Nikko）預計2024年下半年開幕。集團派任擁有三十餘年豐富酒店管理經驗的福元雅彥（Masahiko Fukumoto）領導高雄日航酒店開業準備室為明年的開幕統籌策劃，並自即日起啟動各項招聘作業，延攬優秀軟硬體廠商，亦期待有志投入觀光及餐飲業的人才加入服務團隊。,2023/11/20,小資理財,yahoo
8b2757dc-91ba-4636-9869-77d509d6ea81,加薪有望  國泰金調查：逾5成民眾估明年會漲薪,年底將近，各大公司行號正準備尾牙與年終獎金，同時也將依照員工年終考核調整明年薪資。國泰金今（20日）公布「國民經濟信心調查」，有52％民眾預估2024年薪資會調漲，其中約4分之1漲幅會大於3％。,2023/11/20,小資理財,yahoo
4512d7dd-5576-4aac-bac8-c7a2853ebed8,促電信業提升5G戶數 頻率使用費擬新增占比折扣,（中央社記者蘇思云台北2023年11月20日電）電信業除了頻譜標金外，每年也須繳交頻率使用費。數位部最新預告「頻率使用費收費標準」相關修正草案，為激勵業者提升5G用戶數、促進頻率使用效率，規劃新增5G戶數占比折扣，若比例超過3成，單一業者可折扣新台幣1500萬元。,2023/11/20,小資理財,yahoo
f90c999d-67f7-4253-84e6-12ae9a64249b,以為薪水很漂亮！入職卻被「砍掉1萬」她苦勸1句真心話,求職眉角多，尤其在薪水上更要時時留意，有Dcard網友以自身經驗提醒大家，很多企業老闆會用高薪水把人騙進去任職，但等到領薪水時才發現落差很大，原Po苦勸，有能力的人要勇敢跟主管談薪資，才不會養出低薪慣老闆。,2023/11/18,小資理財,yahoo
b2578b68-45cc-47ed-94dd-0c6e4001250c,【懶人包】街口支付綁對信用卡，回饋飆高11%！,行動支付時代來臨！只要帶一支手機就可以出門，你跟上時代了嗎？行動支付App越來越多，很多人都不知道該怎麼選擇？小編來跟大家分享最近蠻多人使用的街口支付，不但可以綁定各家銀行的信用卡，可支付的店家也愈來愈多；計程車、繳北市路邊停車費、北市自來水費也可使用街口支付。,2023/11/17,小資理財,yahoo
7e30195a-122b-4c34-8673-cfc366ec58b1,星巴克紅杯日 員工罷工要求加人、加薪,（中央社紐約2023年11月16日綜合外電報導）星巴克工會（Starbucks Workers United）表示，在今天公司舉辦一個重要的促銷活動之際，數百家分店的員工進行了罷工，並提出改善人力配置和加薪的要求。,2023/11/17,小資理財,yahoo
c9eb0b5e-f851-4deb-a17e-ce3d3b7ee3a4,餐飲復甦大展店 加薪搶人,疫後外食餐飲市場大復甦，為擴大市占口搶商機，連鎖餐飲集團除拓點、創新品牌腳步不停，因應展店需求並面對缺人缺工問題，王品、饗賓餐旅、築間、爭鮮、樂多多、全家餐飲、鬍鬚張，以及橘焱胡同和豆府餐飲集團，除持續不斷徵才招募人力更標榜優於政府基本薪資門檻「加薪搶人」，2024年起依不同品牌基本起薪落在3萬至4萬元間，上調5％至9％，餐飲業搶人大戰提早在農曆年前引爆。,2023/11/16,小資理財,yahoo
5aa5fb32-eec9-4a35-b16c-0c84ca2f4737,電動機車》PBGN(Gogoro)電池資費，用對信用卡最高15%回饋,"Gogoro是國內最大的電動機車廠商，不僅成功帶起市場熱潮，更拉攏YAMAHA、宏佳騰AEON、PGO、台鈴與中華汽車組成PBGN聯盟(Powered by Gogoro Network)，一起打造共同的電力市場，讓Gogoro Network的電池交換更活絡！
 如果你的電動機車是PBGN成員，相信每個月都要付不少的電池月租費，如果用對信用卡，日積月累下來，可以省不少錢喔，今天小編就整理了幾張卡片的繳費回饋，希望大家可以越騎越省！",2023/11/16,小資理財,yahoo
f0f13c3d-7a28-46cb-99e6-897dfd3cd696,"王品各品牌加薪6％至9％ 2024年再招1,200人","疫後外食餐飲市場大復甦，為擴大市占，王品集團展店、開新品牌腳步不停歇，最新燒肉品牌「金咕」即將亮相，王品也積極招募餐飲好手，打出正職無經驗可、新進同仁起薪35,000元起，儲備幹部任用起薪最高45,000元，未來若通過培訓考核晉升為店經理，薪資有機會上看6萬元。",2023/11/16,小資理財,yahoo
2e895eed-6cd3-4fca-9a9e-597a5bd0dae5,王品啟動第4波加薪計畫 12月萬人尾牙抽千萬獎金,（中央社記者江明晏台北2023年11月16日電）王品 (2727) 集團創立滿30週年，今年營收、每股盈餘、市值力拚餐飲類股「三冠王」。王品今天宣布，10月啟動今年第4波加薪計畫，最高調幅近9%，明年再釋1200名正職職缺，王品訂12月14日舉辦萬人尾牙。,2023/11/16,小資理財,yahoo
9a410890-737c-4027-8041-2c046511522b,企業徵才成功率 創新低,全台大缺工，企業招募卻難上加難，不僅成功率僅剩2成創新低，招募期也更久，平均花48天才找到人，主要因為企業面臨薪資福利缺乏競爭力、知名度低等兩大痛點，尤其近兩年通膨罩頂，讓求職與轉職者一致向「錢」看，首重經濟報酬，最在意「薪資條件需符合期待」。,2023/11/15,小資理財,yahoo
69a91a52-ab9d-4e5a-8c06-690d5bff6446,分享文》買月票怕反虧錢？遠銀快樂信用卡5%超好用，小編的上班通勤專武卡！,你是否跟小編一樣，是個每天要奔波到公司的上班族，但是卻又用不到政府推出的月票呢？以小編自己來說，上班搭捷運的車資每趟25元，一個月抓25個上班日，等於總共搭乘50次，不含任何折扣才1250元，計算北捷常客優惠回饋312元後，只要938元，如果買1200元月票，簡直虧到不行！,2023/11/15,小資理財,yahoo
4a747959-7988-416a-9b61-3873f86be1f0,【外送優惠碼】2023年11月麥當勞歡樂送，Foodpanda、Ubereats免運/折扣整理！,"肚子好餓，懶得煮又不想出門買，外送方便又省時，是外食族的好朋友，手機點一點想吃的美食輕鬆送到家。
Foodpanda(
熊貓
)
、
Ubereats
是大家最常使用的兩大外送平台，手機
APP
訂餐好方便，餐點選擇性也高，且不時會推出外送免運費優惠。若想要吃麥當勞，除了使用外送平台，還可直接透過麥當勞「
24hr 
歡樂送」服務，且沒有訂單金額限制，大量訂餐超方便，單次運費只要
39
元。此外，麥當勞歡樂送也不定期針對指定餐點提供專屬優惠，還有搭配信用卡、行動支付等活動。",2023/11/15,小資理財,yahoo
d23efd8a-52f3-4e49-9c25-acbbc0f09b8c,降息預期發酵 債券ETF買點到,【時報-台北電】市場瀰漫降息預期漸濃，債券投資價值浮現。法人指出，債券市場近期波動劇烈，但觀察投資等級債及公債指數報酬率表現相對佳，儘管目前公債殖利率下滑，但仍處於高原期，且債券ETF分配收益相對來到高點，代表有利的買點已到。,2023/11/21,基金動態,yahoo
8b5e73fc-9b2d-413d-ba3f-147ed9eeea3f,《基金》微軟、輝達飆天價 帶飛00757創新高,【時報記者任珮云台北報導】生成式人工智慧 (Gen AI) 熱潮重啟飆風，微軟、輝達兩大天王股價齊飆天價，並領軍尖牙股FANG+指數續創歷史新高，追蹤該指數的統一FANG+ ETF（00757）今日早盤也勁揚超過2%，以63.6元持續改寫歷史新高價。,2023/11/21,基金動態,yahoo
5301cd11-d11f-42ae-8bb1-93d5044358a2,《基金》台股ETF受益人年內增加170萬人 人氣標的有變化,【時報記者任珮云台北報導】最新集保戶股權分散統計出爐，根據11月17日最新數據資料顯示，56檔台股ETF中，最新一周受益人增加的有20檔、共增加6377人；56檔總受益人連續16周創新高，來到586萬2749人，相當於每4人就有1人持有台股ETF，今年來增加170萬6591人。,2023/11/21,基金動態,yahoo
21f64119-89b9-4043-a3a6-1d2779946f41,《基金》升息尾聲 科技非投等債反彈機會增,【時報-台北電】美國10月通膨降溫，債市解讀聯準會再升息微乎其微，而且明年可能四度降息，公債殖利率大幅收斂，引領風險債市價格走強，後續科技非投等債反彈力道可期。投信法人認為，現階段非投資等級債價格位處長期低檔區，建議投資組合中可以列入投資部位。,2023/11/21,基金動態,yahoo
c310f511-b0e3-4e87-8056-c5af5ee15603,《研究報告》2024債券投資報酬 債息為主,【時報-台北電】美國聯準會若不再升息，法人認為投資債券的黃金時刻即將到來，但亦提醒投資人，2024年債券投資主要報酬仍以債息為主，明年要有債券資本利得的機率並不高。,2023/11/21,基金動態,yahoo
a3d45c70-5408-471e-93de-4e34b88478c5,《基金》美股強勢吸金 單周淨流入257.7億美元,【時報-台北電】美國10月通膨數據放緩，市場預期聯準會升息見頂，美國會通過法案避免政府關門、中美領導會談順利落幕，都提振股市，過去一周全球股票基金資金流向，包括美國、拉丁美洲及新興市場等地股市均迎來淨流入，其中美股單周淨流入257.71億美元最多，資金情緒明顯正向。,2023/11/21,基金動態,yahoo
ba7a0a7f-5504-452b-9022-5d60b8d40c04,《各報要聞》桃太郎發威！日股基金規模爆增2.28倍,【時報-台北電】日股今年屢創新高，帶動國人近年最大一波日股投資熱潮。去年底境內日股基金規模僅新台幣14.58億元、境外日股基金則為251.25億元，今年到10月已分別增至423.9億元及447.8億元，合計新增605.89億元，增幅2.28倍。,2023/11/20,基金動態,yahoo
3b6d0eb6-83e6-4eca-8b9b-e6423bd8ca91,《基金》卡位債市行情 這檔月領息15元入手價,【時報記者任珮云台北報導】有別於去年聯準會積極升息，今年來在通膨趨緩之下，不僅升息舉措不若去年積極，近期聯準會更是兩度暫停升息，隨著升息循環接近尾聲，債市表現亦揮別陰霾，債券ETF買氣持續攀升，自今年4月上旬以來，債券ETF的受益人數變呈現周周上升態勢，由4月初30萬人增加至11月中87萬人！市場熱度持續升高。,2023/11/20,基金動態,yahoo
98029d55-8e9e-47e0-9b56-a245e5691517,《金融》債券比股票更美 PIMCO首選這類,【時報記者任珮云台北報導】展望2024年，在總體經濟與市場風險環境下，投資組合的靈活度仍是關鍵。PIMCO在最新資產配置展望報告指出，債券少見地比股票更具吸引力。美國中期存續期債券產品尤其具有吸引力。PIMCO也在澳洲、加拿大、英國和歐洲看到具有吸引力的投資機會。前兩者對利率更為敏感，因該國房屋持有者大多採用浮動房貸利率；而後兩者的總體數據顯示其比美國更接近經濟衰退。這些地區的央行政策可能各異，PIMCO將追蹤他們在資產負債表上所持有的債券，檢視其可能對利率和相關部位產生的影響。,2023/11/20,基金動態,yahoo
6fbfd11c-dcaa-4f73-a379-cb05ce835c27,《金融》股債ETF基金夯 規模齊胖4成,【時報-台北電】今年投信股債ETF基金買氣爆棚，受益人數與規模同步創新高，統計至10月底合計規模3.27兆元已占境內基金整體6兆元規模的逾半數，也就是被動式基金正式超越主動式基金，且未來投信業者持續搶進ETF商機，有助提高整體基金市場金流穩定度。,2023/11/20,基金動態,yahoo
cbcdddac-520c-4f3d-bbaa-5398acf40983,《基金》科技股基金 挑好股勿追高,【時報-台北電】生成式AI人工智慧在全球掀起新興科技投資趨勢，即使不少科技股股價已出現一大波的漲勢，法人仍認為，目前僅為AI興起的開端，未來還有很長的路可走，但也提醒股價仍要合理，不宜過度追捧。根據晨星統計，科技股基金今年表現好的逾8成，但少數還是有負報酬率，好壞之間差異大。,2023/11/20,基金動態,yahoo
c8480a15-138e-4d1a-a9c3-071b13ae6ce7,《基金》低碳ETF 資金配置首選,【時報-台北電】台股多方氣勢轉強，但短線已經累積不小漲幅，投信法人認為，台股ETF波動度相對個股與大盤低，有利存股族長期穩健投資，建議投資大型龍頭公司為主，較能兼顧收益及波動，若再加上投資趨勢所及的低碳ESG題材，未來隨著低碳變成投資顯學後，預期資金流入的幅度將會持續擴大，低碳ETF後市表現更可期。,2023/11/20,基金動態,yahoo
9a4c1ef1-0c93-4560-9cfb-292a61d3473e,《大陸產業》大基金二期攻算力 入股清微智慧,【時報-台北電】大基金二期再度出手，本次鎖定參股全球首家、出貨量最大的可重構計算晶片企業清微智慧。可重構架構晶片具有廣泛的通用計算能力，是解決高算力需求的必備晶片，大基金二期的出手，也是搶先布局下一階段的算力市場，避免「卡脖子」危機。,2023/11/20,基金動態,yahoo
530b3650-bb1b-47bd-a811-f63a0f840dba,《基金》00937B開募 升息尾聲卡位債市,【時報-台北電】今年來在通膨趨緩之下，美國聯準會（Fed）不僅升息舉措不若去年積極，近期更兩度暫停升息，隨升息循環接近尾聲，債市表現亦揮別陰霾，債券ETF買氣持續攀升，自今年4月上旬以來債券ETF受益人數便呈現「周周上升」態勢，市場熱度高。,2023/11/19,基金動態,yahoo
e8f1dea0-fb77-4b09-8e8e-4694f4063656,《國際金融》放空特斯拉吃癟 錢諾斯關閉避險基金,【時報-台北電】華爾街知名大空頭錢諾斯（Jim Chanos）操盤的避險基金因今年以來美股大漲而損失慘重，被迫在近日宣布關閉基金，並將基金公司Chanos & Co.轉入家族企業，日後改為顧問服務。,2023/11/19,基金動態,yahoo
21e78263-7638-41ca-b756-cc723677dfb1,月配息高股息ETF正夯 股添樂教買不踩雷,台灣人熱愛買ETF，當中又以高股息ETF特別受歡迎。現在市場上出現月配息的高股息ETF 00929，資深分析師股添樂到Yahoo TV《進擊的荷包》，推測以00929的成功，很快就會帶動更多月配息的ETF上市。但月配息真的好嗎？股添樂拆解ETF的原理，也推薦不同的標的給不同類型的投資人。,2023/11/20,專家專欄,yahoo
ef73cbd6-cf89-44af-843f-2011b1fbd837,生技展即將登場 AI結合傳統醫療個股搶先看,2023年台灣醫療科技展即將在11/30登場，一共為期3天，在南港展覽盛大舉辦。這個號稱亞太最具規模醫療科技產業盛會，為全球首個『橫跨醫療、電子資通訊、科技、生技製藥、醫材，串聯大健康產業完整生態鏈的專業規模會展』，十分值得期待。,2023/11/21,專家專欄,yahoo
8b87c7d2-c597-41e7-8696-cf57152babb0,【Y投資風向球】升息陰霾漸遠 科技基金大反攻,美國10月通膨率下滑，讓市場信心大振，債券殖利率下跌，全球股市都呈現反彈走勢。其中尤其是科技股反彈最為強勁，隨著半導體庫存修正近尾聲，2024年AI相關應用持續發酵，科技基金不寂寞。,2023/11/20,專家專欄,yahoo
25737270-a2e5-47f1-8693-600ec957b4da,善用666小錢儲蓄法 小資族輕鬆存退休金,雙11（週年慶）剛過，我自己趁著週年慶促銷，買了自己常用的某牌保養品二組，該專櫃採會員預約促銷組合產品的方式，然後再跟消費者約定某天去百貨專櫃取貨付款，不過依照經驗，通常專櫃小姐都會現場再跟消費者推銷其他的組合產品。,2023/11/17,專家專欄,yahoo
737f5ead-6295-4637-bdd0-f475b7fefc2b,轉機威力的黑馬股,十月開始不斷強調第四季台股主軸是以「IC設計」+「展望明年第一季夢想」大行情，今年的IC通路股文曄(3036)、大聯大(3702)、至上(8112)受惠AI概念股還有合併眾效，股票一路北上。IC通路以代理為主，很少研發自家產品。但是利機(3444)卻一枝獨秀今年公司積極轉型，尤其在孤門獨市自製銀漿產品，已衍生出三大產品，包括低溫燒結銀、高導熱銀漿以及客製化銀漿，已分別切入射頻IC、LED車尾燈與工控觸控面板應用，今年各主力產品營收占比為封測相關40～45％、驅動IC相關35～40％、半導體載板12～15％，公司積極展開全面獲利提升計畫，另散熱片方面，法說會也目前已啟動併購製造合作廠作業，以逐步增加股權方式完成收購，推升明年獲利表現向上，公司看好旗下主要產品包括均熱片及載板出貨成長。,2023/11/17,專家專欄,yahoo
b86a2580-3a65-4729-a077-53eb61fffa6e,摺疊手機最大的受惠者：富世達,根據Counterpoint Research 的預估，全球摺疊手機市場的出貨量將由2022年的1300萬支逐年成長，2027年將突破一億支的關卡，滲透率也將由2022年的5%大增至39%。摺疊手機先進者三星將繼續主導市場，中系手機品牌也將陸續投入，至於蘋果何時以及是否會正式進軍摺疊手機市場，為後續觀察重點之一。今年雖然全球智慧型手機出貨呈現雙位數的年減，但摺疊手機出貨量達250萬支，年增64%，且全球各主要市場皆呈現成長，其中中國市場的佔比續增至4成以上。使得摺疊手機在全球智慧型手機的出貨量衰退下，持續逆勢增加達210萬支，年增10%，中國市場的市佔率更進一步上升至58.6%。,2023/11/17,專家專欄,yahoo
9c0ab520-b927-4ad6-a74a-aa0fda8465a1,巴菲特投資短債 優點是什麼？熱門短債ETF 平均到期殖利率都在5%以上！,股神巴菲特最近引人討論的投資之一，就是在波克夏海瑟威(Berkshire Hathaway) 最新的第3季財報中揭露，其帳上有上千億美元的美國國庫券，比去年底多了超過3成，反觀2023年前3季股票的操作，波克夏都是站在賣方。,2023/11/17,專家專欄,yahoo
81e08e22-dc4e-484d-bcbc-fac1815fa122,被動元件迎來復甦浪潮,最近市場上持續傳出消費性電子復甦的跡象，從國內的晶圓代工龍頭台積電、鏡頭大廠大立光、PC品牌廠的宏碁、華碩到手機PA供應鏈的全新、穩懋、宏捷科、等，都看好明年手機及消費性電子產品的復甦以及AI所帶動的換機潮，而最近這波復甦漲價潮也開始吹往被動元件，國內的華新科(2492)先前公布9月營收創下近15個月來的新高，先前公司就表示第四季將迎來中國地區手機復甦的需求，這時大家當然也不會忘了國內的被動元件龍頭國巨(2327)，近年來公司透過多次併購持續擴大產品線及經濟規模，將會是這波復甦最大的受惠者。,2023/11/14,專家專欄,yahoo
cf393d97-9028-47eb-a7cd-926e6bd1cbbc,挑好股不追高 這8檔營收落底翻揚大戶搶買,台積電的10月營收創下歷史新高，點燃了市場對科技股的信心。原因很簡單，因為台積電屬於半導體產業的上游，因此當台積電的業績好，甚至是創下歷史新高的好，我們更應該去檢視一些原本業績不好，但是近期業績有好轉的個股。這些個股很可能最壞的時間剛剛過去，值得我們去留意。,2023/11/13,專家專欄,yahoo
2e84d48c-8e1a-4bb7-8453-164b18b909dc,波克夏賣股買債 股神成了債神？,近期，股神巴菲特旗下的波克夏公布Q3財報，雖然整體營收優於去年，但波克夏已連續四季停止購買股票，同時還買入大量短期國債，不進讓投資者好奇，目前波克夏的操作方式，是意味著經濟衰退不可避免，當前不適合持有股票，還是債券利率攀高，已經讓長期不青睞債券的巴菲特開始動搖？,2023/11/13,專家專欄,yahoo
20e6ebb2-fce9-4c07-b045-dd9e4c5a38ff,【Y投資風向球】迎接年末反彈波 台股基金績效領先,全球股債市反彈後震盪，債券殖利率下跌後稍微反彈，油價跌、金價也滑落。股市在修正三個月後，終於迎來反彈，上周股市雖然震盪，但仍可偏向正面看待。台股連續二周收紅，技術面再度站上季線。短線外資轉賣為買、新台幣稍微止貶，台股有機會迎來反彈行情。台股基金今年以來表現亮眼，第四季仍有機會再衝刺。,2023/11/13,專家專欄,yahoo
70f22974-bdb8-4505-99b9-646df17daa31,新鮮人必看！沒有富爸爸 要懂得善用薪水致富！,國內知名塔羅牌老師艾菲爾在其社交網站分享一篇有關星座理財報導，根據12不同星座區分為4種適合的理財方式：,2023/11/13,專家專欄,yahoo
5becf605-3585-4716-b4f8-b1696a30bea7,聯準會說法反覆 亞幣震盪偏貶要走多久,鮑爾一下說升息控通膨任務可能達成，一下說還有升息的機會，究竟在美元上下刷洗的環境中，亞幣會怎麼走呢？,2023/11/10,專家專欄,yahoo
3d8c5744-e55b-48fa-93c3-800794e6a2aa,外銷訂單連14黑 3利多本月拚翻紅,[周刊王CTWANT] 經濟部統計處20日公布10月外銷訂單金額為528.7億美元，較去年同期減少4.6％，為連14個月衰退，不過衰退減幅已經縮小至個位數。經濟部統計處處長黃于玲預估11月可望翻紅，未來復甦期程仍要觀察。,2023/11/20,研究報導,yahoo
f9e85192-a739-4944-963f-ca12d6f1d8ba,《研究報告》外資挺新興亞股 台股登買氣王,【時報-台北電】受惠避險情緒緩和、通膨降溫，帶動股市震盪向上，新興亞股上周普遍走揚，以台股上漲3.2％最多。法人指出，從資金流向來看，外資上周買超台股41.6億美元，成為新興亞股中淨流入最多，其次是南韓8.2億美元，其他僅越南遭賣超0.6億美元。,2023/11/21,研究報導,yahoo
371a2d44-708b-44a5-90b2-87c50ab14d9f,《研究報告》台股氣勢足 定時定額迎勝率,【時報-台北電】台股短線挑戰波段高點，法人指出，根據Lipper統計，至10月底定時定額投資加權指數10年回測發現，持有1年、5年、10年，正報酬機率及平均報酬率各達72％及12.1％、100％及45.9％、100％及0.5％，面對台股中長期展望正向，建議定時定額布局主動式台股基金迎接勝率。,2023/11/20,研究報導,yahoo
36625b3d-9b84-4148-a9fe-08f1b356c0fc,《研究報告》半導體落底回神,【時報-台北電】近期美國公債殖利率進入整理，全球股市反彈，台股由AI族群領軍，表現相對強勢。投信法人表示，隨庫存調整將結束，半導體產業有望加入戰局，與AI股一同發力，根據歷史統計，近20年當半導體景氣落底後，都會帶動台股行情大好，將有望重啟大多頭時代。,2023/11/20,研究報導,yahoo
c90cf4b8-9a9c-479c-8e1d-11691384efa5,《研究報告》醫療股財報靚 落後補漲可期,【時報-台北電】年初利率走勢提振市場風險情緒，資金自避風港撤出，導致醫療股今年至今表現仍落後大盤，尤其防禦色彩濃厚的大型製藥與健保公司今年股價表現仍差。但投信法人分析，醫療保健為重要核心資產配置，現在是逢低布局時機。,2023/11/17,研究報導,yahoo
52640682-f9fc-49e0-b8f2-9cb5def40b53,《研究報告》升息尾聲 長天期投等債潛利足,【時報-台北電】美國聯準會（Fed）二度停止升息，投信表示，利率短時間內料仍將維持在較高水準，但整體升息循環應已到尾聲，天期愈長的債券可望愈受惠，建議鎖定長天期投等債有更好的表現。,2023/11/17,研究報導,yahoo
ef8c8d12-2212-426c-81a1-afb1e2ca5a89,《研究報告》半導體ETF 進場訊號浮現,【時報-台北電】美國聯準會主席鮑爾釋出「鷹派暫停升息」，帶動全球股市表現，也帶旺台股。法人指出，台灣半導體庫存調整即將落底、電子製造業出口年增率轉正、景氣燈號脫藍，有望迎來一波反彈行情，可多留意半導體ETF波段進場訊號。,2023/11/16,研究報導,yahoo
b5832e50-5fd5-4d8d-a1ef-590ca45d6904,《研究報告》收益優勢 投等債布局正逢時,【時報-台北電】美國聯準會利率連二凍，市場預期12月不升息可能性高，投信法人表示，升息循環可望告終，債券也來到相對便宜位置，但地緣政治風險與景氣面仍有不確定性，建議以資產品質佳、違約風險低，且現階段具收益優勢的投資等級債，做為穩健投資組合標的。,2023/11/16,研究報導,yahoo
97beedd9-a7a2-4495-b37a-25ecba4c8e45,《研究報告》7台股基金 今年來績效勝大盤4倍,【時報-台北電】美國聯準會（Fed）立場轉鴿激勵，美債殖利率下滑，全球股市風險偏好回溫，台股走勢轉強盤堅，觀察今年以來表現犀利的主動式台股基金，有七檔台股基金報酬率戰勝大盤達4倍之多，績效表現相當亮眼。,2023/11/15,研究報導,yahoo
c5b53e0c-a050-48b3-9d55-41566e30d605,《研究報告》純網銀首家 將來銀獲准賣基金,【時報-台北電】純網銀首家獲准賣基金，純網銀國家隊將來銀行14日宣布獲准兼營信託業務，成為台灣首家獲准跨入基金銷售領域的純網銀，目前規畫於明年第一季起，將可正式提供基金投資服務。,2023/11/15,研究報導,yahoo
6e272350-0617-41ca-8a79-2b611679f2e2,《研究報告》陸股基金 三落底訊號浮現,【時報-台北電】陸股基金可望回春。連續好幾年表現墊底的陸股基金，今年平均仍下跌逾1成，成為表現最差的股票型基金，但投信法人近期發現陸股基金三落底訊號顯現，即大陸政府政策面支持、籌碼面外資北向資金及大陸大媽錢到位、評價面是本益比已跌到相對便宜低檔區，A股後市可期。,2023/11/14,研究報導,yahoo
529c51cd-887d-4853-ae70-0cbcce8d6283,《盤中解析》台股進逼萬七關 分析師點將6族群,【時報記者張漢綺台北報導】美股漲不停，台股盤中大漲進逼17000點！擺脫美國聯準會偏鷹訊息干擾，上周五美股持續飆漲收高，10月營收亮眼的台積電(2330)ADR更以大漲6.35%作收，激勵今天台股以高盤開出，股王世芯-KY(3661)及權王台積電(2330)勇攻，股后信驊(5274)也跟漲，讓台股多頭氣勢大振，中小型股則有世紀(5314)、鼎天(3306)、擎邦(6122)、威盛(2388)、智通(8932)、大綜(3147)、福永生技(4183)、京晨科(6419)、力山(1515)及訊芯-KY(6451)等盤中股價亮燈漲停，台股指數也開高走高，盤中指數大漲逾200點，最高來到16961點。,2023/11/13,研究報導,yahoo
4b45267a-e579-4b15-b693-f7ea896e4670,《研究報告》美元投資 國銀力推槓鈴策略,【時報-台北電】聯準會去年以來鷹速升息，美元利變壽險保單宣告利率不及美元定存利率，出現解約潮。國銀指出，觀察解約資金大多流入美元定存、債券，因高利率可能維持較長時間，美國公債殖利率曲線持續倒掛，建議採槓鈴式投資策略，在投資組合中配置不同天期海外債。,2023/11/13,研究報導,yahoo
549c1bf0-1d5b-4907-ad7d-6398d7b985cf,《研究報告》台股ETF受益人數 連14周創高,【時報-台北電】根據集保戶股權分散統計，至11月3日的數據資料顯示，在新成立的中信成長高股息、野村臺灣新科技50加入後，台股ETF來到共55檔，最新一周受益人增加的台股ETF有28檔共增加6.28萬人，總受益人也連續14周創新高。,2023/11/13,研究報導,yahoo
7f3b6c5d-9d6a-4745-bf98-24100c887cce,《研究報告》全球消費旺季到 台股漲相佳,【時報-台北電】儘管整體環境面臨景氣、美國升息等多項挑戰，但第四季全球消費旺季，包括大陸十一長假、雙11、雙12、耶誕假期等激發一年的買氣，有望帶動台股行情，預估第四季將有好表現。,2023/11/10,研究報導,yahoo
